run,mode,size_kb,enc_ms,dec_ms,net_ms,e2e_ms,payload_size_bytes
1,RSA,1,0.6608,33.0667,7.8863,41.6138,2883
2,RSA,1,0.7385,35.3056,23.4724,59.5165,2883
3,RSA,1,0.7563,38.5362,5.5555,44.848,2883
4,RSA,1,0.5557,30.1284,44.4953,75.1794,2883
5,RSA,1,0.4581,29.0899,25.9995,55.5475,2883
6,RSA,1,0.6324,30.0707,18.3123,49.0154,2883
7,RSA,1,0.5523,30.8212,5.2234,36.5969,2883
8,RSA,1,0.7068,35.1581,25.5512,61.4161,2883
9,RSA,1,0.3712,35.6434,5.6438,41.6584,2883
10,RSA,1,0.7141,36.1696,4.3452,41.2289,2884
11,RSA,1,0.3191,61.0469,25.2515,86.6175,2884
12,RSA,1,0.4685,31.8103,17.6905,49.9693,2884
13,RSA,1,0.3987,31.9212,17.5568,49.8767,2884
14,RSA,1,0.7117,31.1318,40.3649,72.2084,2884
15,RSA,1,0.6174,31.7784,18.3687,50.7645,2884
16,RSA,1,0.7804,34.3665,18.3117,53.4586,2884
17,RSA,1,0.9315,41.8813,4.4248,47.2376,2884
18,RSA,1,0.6051,32.2815,16.5246,49.4112,2884
19,RSA,1,0.6768,29.4746,43.3224,73.4738,2884
20,RSA,1,0.4719,34.3733,4.8858,39.731,2884
21,RSA,1,0.3399,34.6935,3.332,38.3654,2884
22,RSA,1,0.4781,34.8896,14.6213,49.989,2884
23,RSA,1,0.7578,32.3137,19.2081,52.2796,2884
24,RSA,1,0.552,34.9584,20.3526,55.863,2883
25,RSA,1,0.4485,33.4153,27.5984,61.4622,2884
26,RSA,1,0.4434,32.5341,21.3054,54.2829,2884
27,RSA,1,0.7317,32.7626,5.1734,38.6677,2884
28,RSA,1,0.4055,34.6687,17.1004,52.1746,2884
29,RSA,1,0.6247,32.9779,25.834,59.4366,2884
30,RSA,1,0.4192,35.5618,21.8573,57.8383,2884
1,RSA,10,0.5436,37.0928,6.5879,44.2243,21315
2,RSA,10,0.4017,40.3607,17.6229,58.3853,21315
3,RSA,10,1.1902,50.255,6.2889,57.7341,21315
4,RSA,10,1.197,38.5903,19.2299,59.0172,21314
5,RSA,10,0.9809,37.1459,19.6459,57.7727,21315
6,RSA,10,0.4775,38.4663,19.7859,58.7297,21315
7,RSA,10,0.3342,37.9474,20.8157,59.0973,21315
8,RSA,10,1.1091,37.3862,19.7796,58.2749,21315
9,RSA,10,0.6458,35.9898,18.4764,55.112,21315
10,RSA,10,0.415,38.0484,6.2913,44.7547,21315
11,RSA,10,0.6754,32.1051,26.3771,59.1576,21316
12,RSA,10,0.7852,87.0516,6.2539,94.0907,21316
13,RSA,10,0.5127,189.7217,7.0122,197.2466,21316
14,RSA,10,0.9236,171.0101,9.4047,181.3384,21316
15,RSA,10,3.5587,168.1024,10.5902,182.2513,21316
16,RSA,10,1.0863,153.4115,18.759,173.2568,21316
17,RSA,10,1.0422,154.2291,20.4128,175.6841,21316
18,RSA,10,0.8179,117.1289,20.8489,138.7957,21316
19,RSA,10,0.8245,131.1206,47.7867,179.7318,21316
20,RSA,10,1.7431,152.282,9.3124,163.3375,21316
21,RSA,10,0.8012,170.4127,32.3742,203.5881,21316
22,RSA,10,0.7354,169.7297,13.1257,183.5908,21316
23,RSA,10,0.8559,152.2497,28.1563,181.2619,21316
24,RSA,10,0.6866,96.7099,7.2448,104.6413,21316
25,RSA,10,1.4782,114.4662,41.5024,157.4468,21316
26,RSA,10,0.7291,103.6464,6.9914,111.3669,21316
27,RSA,10,0.8988,103.3606,6.6067,110.8661,21316
28,RSA,10,0.799,118.7213,21.2115,140.7318,21315
29,RSA,10,1.0101,112.4435,7.3321,120.7857,21316
30,RSA,10,1.2125,83.7654,8.153,93.1309,21316
1,RSA,100,1.1114,78.2591,22.449,101.8195,205635
2,RSA,100,1.1374,94.4511,45.8078,141.3963,205635
3,RSA,100,0.9649,145.6778,49.3441,195.9868,205635
4,RSA,100,1.778,136.2936,12.4648,150.5364,205634
5,RSA,100,0.994,123.3064,34.6026,158.903,205634
6,RSA,100,1.3332,86.4522,36.2226,124.008,205635
7,RSA,100,1.0826,93.9753,8.6726,103.7305,205635
8,RSA,100,1.8202,122.7793,48.8063,173.4058,205635
9,RSA,100,2.0713,131.0054,58.7267,191.8034,205635
10,RSA,100,1.3153,110.9473,32.3609,144.6235,205636
11,RSA,100,1.4526,107.9106,38.182,147.5452,205636
12,RSA,100,0.7873,84.3388,16.6809,101.807,205636
13,RSA,100,1.4447,126.381,69.1775,197.0032,205636
14,RSA,100,1.0238,99.9218,9.4526,110.3982,205636
15,RSA,100,1.1529,97.1814,43.0678,141.4021,205636
16,RSA,100,0.7493,101.2545,10.4733,112.4771,205636
17,RSA,100,0.6857,96.2456,8.9056,105.8369,205636
18,RSA,100,1.0177,94.7601,34.0587,129.8365,205636
19,RSA,100,1.4198,99.9689,21.9001,123.2888,205636
20,RSA,100,0.7127,110.1007,46.9517,157.7651,205636
21,RSA,100,1.2475,98.2067,38.388,137.8422,205636
22,RSA,100,1.656,90.5817,12.6746,104.9123,205635
23,RSA,100,0.7125,101.0633,25.4629,127.2387,205636
24,RSA,100,1.0599,113.5768,29.4339,144.0706,205636
25,RSA,100,1.6696,97.148,34.2053,133.0229,205636
26,RSA,100,1.4982,84.5457,37.7985,123.8424,205636
27,RSA,100,0.5785,102.8233,25.6043,129.0061,205636
28,RSA,100,1.214,103.5856,64.0024,168.802,205635
29,RSA,100,2.0972,104.6189,46.3476,153.0637,205636
30,RSA,100,0.9397,93.4184,11.1408,105.4989,205636
1,ECC,1,1.1358,0.7068,26.0684,27.911,2437
2,ECC,1,0.5914,0.7834,20.9397,22.3145,2437
3,ECC,1,0.876,1.0248,40.8932,42.794,2436
4,ECC,1,0.6642,1.5605,34.1084,36.3331,2437
5,ECC,1,1.1987,1.5619,35.9936,38.7542,2437
6,ECC,1,0.9204,1.1853,10.7403,12.846,2437
7,ECC,1,1.0675,1.4834,50.9847,53.5356,2437
8,ECC,1,1.6647,1.309,20.2931,23.2668,2437
9,ECC,1,2.1875,1.4627,36.2677,39.9179,2437
10,ECC,1,1.2546,1.2437,31.234,33.7323,2438
11,ECC,1,1.7303,1.3298,20.9677,24.0278,2438
12,ECC,1,1.5083,1.0818,10.1486,12.7387,2438
13,ECC,1,0.7483,1.182,11.8872,13.8175,2438
14,ECC,1,1.3402,2.1872,35.4922,39.0196,2438
15,ECC,1,0.4792,0.916,23.2221,24.6173,2438
16,ECC,1,0.5499,0.7449,21.4712,22.766,2438
17,ECC,1,2.0077,0.6103,33.2819,35.8999,2438
18,ECC,1,1.2303,0.873,48.3055,50.4088,2438
19,ECC,1,1.62,1.1467,17.4214,20.1881,2436
20,ECC,1,0.5707,1.1888,29.0268,30.7863,2438
21,ECC,1,1.0905,1.0487,29.4622,31.6014,2438
22,ECC,1,0.9524,0.7915,7.8276,9.5715,2438
23,ECC,1,0.9857,1.3089,19.9833,22.2779,2438
24,ECC,1,1.8763,0.8742,8.7327,11.4832,2438
25,ECC,1,1.8323,1.1228,10.9172,13.8723,2438
26,ECC,1,1.6163,1.2977,42.6037,45.5177,2438
27,ECC,1,0.8416,1.3888,29.6388,31.8692,2438
28,ECC,1,1.5599,1.0313,17.0541,19.6453,2438
29,ECC,1,1.4591,1.1116,18.1246,20.6953,2438
30,ECC,1,1.7725,1.2808,58.8151,61.8684,2438
1,ECC,10,0.7515,1.1221,18.2814,20.155,20869
2,ECC,10,1.5136,1.6691,36.2844,39.4671,20869
3,ECC,10,1.4862,1.3521,36.2822,39.1205,20869
4,ECC,10,1.8093,1.3565,50.1586,53.3244,20869
5,ECC,10,1.0367,1.4451,11.7348,14.2166,20869
6,ECC,10,0.8859,1.6235,22.8503,25.3597,20869
7,ECC,10,1.1398,1.3895,24.5428,27.0721,20869
8,ECC,10,3.2229,1.0666,18.8834,23.1729,20869
9,ECC,10,0.7869,1.1718,16.9974,18.9561,20869
10,ECC,10,1.5749,1.1453,18.7756,21.4958,20870
11,ECC,10,0.8715,1.1015,20.8757,22.8487,20870
12,ECC,10,1.1409,2.2188,11.0192,14.3789,20870
13,ECC,10,0.6819,0.8305,7.8524,9.3648,20870
14,ECC,10,0.9863,0.9644,9.8586,11.8093,20870
15,ECC,10,4.4502,0.9514,16.5784,21.98,20870
16,ECC,10,0.9216,2.3476,16.1612,19.4304,20870
17,ECC,10,0.9342,1.1436,12.7454,14.8232,20870
18,ECC,10,0.8798,0.8486,7.4858,9.2142,20870
19,ECC,10,1.0392,0.8672,9.7162,11.6226,20870
20,ECC,10,0.9099,1.106,17.4439,19.4598,20870
21,ECC,10,1.0251,0.6776,7.4609,9.1636,20870
22,ECC,10,1.3397,1.6002,11.3779,14.3178,20870
23,ECC,10,1.6535,1.4835,18.6933,21.8303,20870
24,ECC,10,2.1153,0.9662,10.9279,14.0094,20870
25,ECC,10,1.2604,1.454,12.0858,14.8002,20870
26,ECC,10,0.6909,1.0336,42.1215,43.846,20870
27,ECC,10,1.2748,1.5635,26.9195,29.7578,20870
28,ECC,10,1.3291,1.852,16.6377,19.8188,20870
29,ECC,10,1.2683,0.9573,9.2253,11.4509,20870
30,ECC,10,1.1659,1.2444,50.9344,53.3447,20870
1,ECC,100,1.2549,1.7145,31.3426,34.312,205189
2,ECC,100,1.7415,1.1731,19.8813,22.7959,205189
3,ECC,100,2.388,1.5314,24.3726,28.292,205188
4,ECC,100,1.7725,1.7418,41.9143,45.4286,205189
5,ECC,100,0.9322,1.2496,23.1332,25.315,205189
6,ECC,100,1.0877,1.2773,47.0483,49.4133,205189
7,ECC,100,0.8135,1.4947,14.9651,17.2733,205189
8,ECC,100,1.5066,1.8876,28.0547,31.4489,205189
9,ECC,100,1.6883,1.5541,54.4178,57.6602,205189
10,ECC,100,1.4827,1.9076,22.8362,26.2265,205190
11,ECC,100,1.4195,2.1634,20.3724,23.9553,205190
12,ECC,100,2.169,1.3713,39.9631,43.5034,205189
13,ECC,100,1.1792,1.5566,52.1993,54.9351,205190
14,ECC,100,2.3951,1.9424,46.8229,51.1604,205190
15,ECC,100,1.022,1.4714,18.7503,21.2437,205189
16,ECC,100,1.847,1.438,23.3495,26.6345,205189
17,ECC,100,1.388,2.5217,39.2816,43.1913,205189
18,ECC,100,1.5035,1.7067,34.0273,37.2375,205190
19,ECC,100,2.0051,1.5008,18.0659,21.5718,205190
20,ECC,100,0.921,1.3544,33.5779,35.8533,205189
21,ECC,100,1.4446,1.756,61.0699,64.2705,205190
22,ECC,100,2.8517,1.7904,39.5226,44.1647,205190
23,ECC,100,1.9954,1.3905,20.7326,24.1185,205190
24,ECC,100,2.3775,1.7372,32.9814,37.0961,205190
25,ECC,100,1.215,1.9271,41.5065,44.6486,205189
26,ECC,100,2.1086,4.6621,20.8926,27.6633,205190
27,ECC,100,1.4931,1.383,25.7589,28.635,205190
28,ECC,100,1.2762,1.7858,24.2631,27.3251,205190
29,ECC,100,2.2157,1.7661,11.129,15.1108,205190
30,ECC,100,1.477,1.7207,39.3726,42.5703,205189
